{"cameraMode":{"drawMode":0,"name":"Shaded","section":"Shading Mode"},"sceneLighting":false,"audioPlay":false,"sceneViewState":{"showFog":true,"showMaterialUpdate":true,"showSkybox":false,"showFlares":true,"showImageEffects":true,"showParticleSystems":true},"in2DMode":false,"pivot":{"x":2.0899999141693117,"y":0.5,"z":-2.890000104904175},"rotation":{"x":0.13763974606990815,"y":-0.0579243004322052,"z":0.008007431402802468,"w":0.9887819886207581},"size":0.5396926403045654,"orthographic":false}